{"polyfill":["/polyfill-1bb330181573b3494350.js"],"app":["/app-8b1695530a486f9a483e.js"],"component---src-pages-404-js":["/component---src-pages-404-js-10f4380e538556d10ef6.js"],"component---src-templates-index-js":["/component---src-templates-index-js-ba27bf74990fc918fa03.js"],"component---src-templates-single-page-js":["/component---src-templates-single-page-js-b6d074686ce6fd2b7a7a.js"],"component---src-templates-single-post-js":["/component---src-templates-single-post-js-9b41140c445fd9b8b449.js"]}