{"errors":[],"warnings":[],"namedChunkGroups":{"polyfill":{"chunks":[3,10],"assets":["webpack-runtime-2df639821b44e830b5c1.js","webpack-runtime-2df639821b44e830b5c1.js.map","polyfill-1bb330181573b3494350.js","polyfill-1bb330181573b3494350.js.map"],"children":{},"childAssets":{}},"app":{"chunks":[3,9,4],"assets":["webpack-runtime-2df639821b44e830b5c1.js","webpack-runtime-2df639821b44e830b5c1.js.map","framework-70c4316f558d8d8fe95d.js","framework-70c4316f558d8d8fe95d.js.map","app-8b1695530a486f9a483e.js","app-8b1695530a486f9a483e.js.map"],"children":{},"childAssets":{}},"component---src-pages-404-js":{"chunks":[1,0,5],"assets":["styles.e1480d2015e02dfc30f4.css","styles-c2fe8482057191dca484.js","styles-c2fe8482057191dca484.js.map","commons-9ea7f20addd1ca5f06ec.js","commons-9ea7f20addd1ca5f06ec.js.map","component---src-pages-404-js-10f4380e538556d10ef6.js","component---src-pages-404-js-10f4380e538556d10ef6.js.map"],"children":{},"childAssets":{}},"component---src-templates-index-js":{"chunks":[1,0,6],"assets":["styles.e1480d2015e02dfc30f4.css","styles-c2fe8482057191dca484.js","styles-c2fe8482057191dca484.js.map","commons-9ea7f20addd1ca5f06ec.js","commons-9ea7f20addd1ca5f06ec.js.map","component---src-templates-index-js-ba27bf74990fc918fa03.js","component---src-templates-index-js-ba27bf74990fc918fa03.js.map"],"children":{},"childAssets":{}},"component---src-templates-single-page-js":{"chunks":[1,0,2,7],"assets":["styles.e1480d2015e02dfc30f4.css","styles-c2fe8482057191dca484.js","styles-c2fe8482057191dca484.js.map","commons-9ea7f20addd1ca5f06ec.js","commons-9ea7f20addd1ca5f06ec.js.map","efe551309c86748e2a1a25df10bfd8e36e5aeafb-0696afa583df4405c768.js","efe551309c86748e2a1a25df10bfd8e36e5aeafb-0696afa583df4405c768.js.map","component---src-templates-single-page-js-b6d074686ce6fd2b7a7a.js","component---src-templates-single-page-js-b6d074686ce6fd2b7a7a.js.map"],"children":{},"childAssets":{}},"component---src-templates-single-post-js":{"chunks":[1,0,2,8],"assets":["styles.e1480d2015e02dfc30f4.css","styles-c2fe8482057191dca484.js","styles-c2fe8482057191dca484.js.map","commons-9ea7f20addd1ca5f06ec.js","commons-9ea7f20addd1ca5f06ec.js.map","efe551309c86748e2a1a25df10bfd8e36e5aeafb-0696afa583df4405c768.js","efe551309c86748e2a1a25df10bfd8e36e5aeafb-0696afa583df4405c768.js.map","component---src-templates-single-post-js-9b41140c445fd9b8b449.js","component---src-templates-single-post-js-9b41140c445fd9b8b449.js.map"],"children":{},"childAssets":{}}},"assetsByChunkName":{"polyfill":["webpack-runtime-2df639821b44e830b5c1.js","polyfill-1bb330181573b3494350.js"],"app":["webpack-runtime-2df639821b44e830b5c1.js","framework-70c4316f558d8d8fe95d.js","app-8b1695530a486f9a483e.js"],"component---src-pages-404-js":["styles.e1480d2015e02dfc30f4.css","styles-c2fe8482057191dca484.js","commons-9ea7f20addd1ca5f06ec.js","component---src-pages-404-js-10f4380e538556d10ef6.js"],"component---src-templates-index-js":["styles.e1480d2015e02dfc30f4.css","styles-c2fe8482057191dca484.js","commons-9ea7f20addd1ca5f06ec.js","component---src-templates-index-js-ba27bf74990fc918fa03.js"],"component---src-templates-single-page-js":["styles.e1480d2015e02dfc30f4.css","styles-c2fe8482057191dca484.js","commons-9ea7f20addd1ca5f06ec.js","efe551309c86748e2a1a25df10bfd8e36e5aeafb-0696afa583df4405c768.js","component---src-templates-single-page-js-b6d074686ce6fd2b7a7a.js"],"component---src-templates-single-post-js":["styles.e1480d2015e02dfc30f4.css","styles-c2fe8482057191dca484.js","commons-9ea7f20addd1ca5f06ec.js","efe551309c86748e2a1a25df10bfd8e36e5aeafb-0696afa583df4405c768.js","component---src-templates-single-post-js-9b41140c445fd9b8b449.js"]}}